item_id,requirement_id,pair_order,reviewer_id,review_round,choice_A_B_TIE_U,u_reason_code,confidence_1_3,dim_1,dim_2,dim_3,dim_4,hard_failure_A,hard_failure_B,evidence_quote_A,evidence_quote_B,reason,privacy_flag,locked_at_utc,adjudication_status,adjudicator_choice,adjudicator_reason
LC-T07-01,T07,BLINDED,,R1,,,,,,,,false,false,,,,false,,not_needed,,
LC-T07-02,T07,BLINDED,,R1,,,,,,,,false,false,,,,false,,not_needed,,
LC-T07-03,T07,BLINDED,,R1,,,,,,,,false,false,,,,false,,not_needed,,
LC-T09-01,T09,BLINDED,,R1,,,,,,,,false,false,,,,false,,not_needed,,
LC-T09-02,T09,BLINDED,,R1,,,,,,,,false,false,,,,false,,not_needed,,
LC-T09-03,T09,BLINDED,,R1,,,,,,,,false,false,,,,false,,not_needed,,
LC-T17-01,T17,BLINDED,,R1,,,,,,,,false,false,,,,false,,not_needed,,
LC-T17-02,T17,BLINDED,,R1,,,,,,,,false,false,,,,false,,not_needed,,
LC-T17-03,T17,BLINDED,,R1,,,,,,,,false,false,,,,false,,not_needed,,
LC-T21-01,T21,BLINDED,,R1,,,,,,,,false,false,,,,false,,not_needed,,
LC-T21-02,T21,BLINDED,,R1,,,,,,,,false,false,,,,false,,not_needed,,
LC-T21-03,T21,BLINDED,,R1,,,,,,,,false,false,,,,false,,not_needed,,
LC-T22-01,T22,BLINDED,,R1,,,,,,,,false,false,,,,false,,not_needed,,
LC-T22-02,T22,BLINDED,,R1,,,,,,,,false,false,,,,false,,not_needed,,
LC-T22-03,T22,BLINDED,,R1,,,,,,,,false,false,,,,false,,not_needed,,
LC-T24-01,T24,BLINDED,,R1,,,,,,,,false,false,,,,false,,not_needed,,
LC-T24-02,T24,BLINDED,,R1,,,,,,,,false,false,,,,false,,not_needed,,
LC-T24-03,T24,BLINDED,,R1,,,,,,,,false,false,,,,false,,not_needed,,
LC-T25-01,T25,BLINDED,,R1,,,,,,,,false,false,,,,false,,not_needed,,
LC-T25-02,T25,BLINDED,,R1,,,,,,,,false,false,,,,false,,not_needed,,
LC-T25-03,T25,BLINDED,,R1,,,,,,,,false,false,,,,false,,not_needed,,
LC-T28-01,T28,BLINDED,,R1,,,,,,,,false,false,,,,false,,not_needed,,
LC-T28-02,T28,BLINDED,,R1,,,,,,,,false,false,,,,false,,not_needed,,
LC-T28-03,T28,BLINDED,,R1,,,,,,,,false,false,,,,false,,not_needed,,
LC-T31-01,T31,BLINDED,,R1,,,,,,,,false,false,,,,false,,not_needed,,
LC-T31-02,T31,BLINDED,,R1,,,,,,,,false,false,,,,false,,not_needed,,
LC-T31-03,T31,BLINDED,,R1,,,,,,,,false,false,,,,false,,not_needed,,
LC-T32-01,T32,BLINDED,,R1,,,,,,,,false,false,,,,false,,not_needed,,
LC-T32-02,T32,BLINDED,,R1,,,,,,,,false,false,,,,false,,not_needed,,
LC-T32-03,T32,BLINDED,,R1,,,,,,,,false,false,,,,false,,not_needed,,
